<?xml version="1.0" encoding="UTF-8"?>
<project name="chatik" default="all">
  
  
  <property file="chatik.properties"/>
  <!-- Uncomment the following property if no tests compilation is needed -->
  <!-- 
  <property name="skip.tests" value="true"/>
   -->
  
  <!-- Compiler options -->
  
  <property name="compiler.debug" value="on"/>
  <property name="compiler.generate.no.warnings" value="off"/>
  <property name="compiler.args" value=""/>
  <property name="compiler.max.memory" value="700m"/>
  <patternset id="ignored.files">
    <exclude name="**/*.hprof/**"/>
    <exclude name="**/*.pyc/**"/>
    <exclude name="**/*.pyo/**"/>
    <exclude name="**/*.rbc/**"/>
    <exclude name="**/*.yarb/**"/>
    <exclude name="**/*~/**"/>
    <exclude name="**/.DS_Store/**"/>
    <exclude name="**/.git/**"/>
    <exclude name="**/.hg/**"/>
    <exclude name="**/.svn/**"/>
    <exclude name="**/CVS/**"/>
    <exclude name="**/__pycache__/**"/>
    <exclude name="**/_svn/**"/>
    <exclude name="**/vssver.scc/**"/>
    <exclude name="**/vssver2.scc/**"/>
  </patternset>
  <patternset id="library.patterns">
    <include name="*.egg"/>
    <include name="*.jar"/>
    <include name="*.ear"/>
    <include name="*.ane"/>
    <include name="*.klib"/>
    <include name="*.swc"/>
    <include name="*.war"/>
    <include name="*.zip"/>
  </patternset>
  <patternset id="compiler.resources">
    <exclude name="**/?*.java"/>
    <exclude name="**/?*.form"/>
    <exclude name="**/?*.class"/>
    <exclude name="**/?*.groovy"/>
    <exclude name="**/?*.scala"/>
    <exclude name="**/?*.flex"/>
    <exclude name="**/?*.kt"/>
    <exclude name="**/?*.clj"/>
    <exclude name="**/?*.aj"/>
  </patternset>
  
  <!-- JDK definitions -->
  
  <property name="jdk.bin.11" value="${jdk.home.11}/bin"/>
  <path id="jdk.classpath.11">
    <fileset dir="${jdk.home.11}">
      <include name="../jbr!/java.base"/>
      <include name="../jbr!/java.compiler"/>
      <include name="../jbr!/java.datatransfer"/>
      <include name="../jbr!/java.desktop"/>
      <include name="../jbr!/java.instrument"/>
      <include name="../jbr!/java.logging"/>
      <include name="../jbr!/java.management"/>
      <include name="../jbr!/java.management.rmi"/>
      <include name="../jbr!/java.naming"/>
      <include name="../jbr!/java.net.http"/>
      <include name="../jbr!/java.prefs"/>
      <include name="../jbr!/java.rmi"/>
      <include name="../jbr!/java.scripting"/>
      <include name="../jbr!/java.se"/>
      <include name="../jbr!/java.security.jgss"/>
      <include name="../jbr!/java.security.sasl"/>
      <include name="../jbr!/java.smartcardio"/>
      <include name="../jbr!/java.sql"/>
      <include name="../jbr!/java.sql.rowset"/>
      <include name="../jbr!/java.transaction.xa"/>
      <include name="../jbr!/java.xml"/>
      <include name="../jbr!/java.xml.crypto"/>
      <include name="../jbr!/javafx.base"/>
      <include name="../jbr!/javafx.controls"/>
      <include name="../jbr!/javafx.fxml"/>
      <include name="../jbr!/javafx.graphics"/>
      <include name="../jbr!/javafx.media"/>
      <include name="../jbr!/javafx.swing"/>
      <include name="../jbr!/javafx.web"/>
      <include name="../jbr!/jdk.accessibility"/>
      <include name="../jbr!/jdk.aot"/>
      <include name="../jbr!/jdk.attach"/>
      <include name="../jbr!/jdk.charsets"/>
      <include name="../jbr!/jdk.compiler"/>
      <include name="../jbr!/jdk.crypto.cryptoki"/>
      <include name="../jbr!/jdk.crypto.ec"/>
      <include name="../jbr!/jdk.dynalink"/>
      <include name="../jbr!/jdk.hotspot.agent"/>
      <include name="../jbr!/jdk.httpserver"/>
      <include name="../jbr!/jdk.internal.ed"/>
      <include name="../jbr!/jdk.internal.jvmstat"/>
      <include name="../jbr!/jdk.internal.le"/>
      <include name="../jbr!/jdk.internal.vm.ci"/>
      <include name="../jbr!/jdk.internal.vm.compiler"/>
      <include name="../jbr!/jdk.internal.vm.compiler.management"/>
      <include name="../jbr!/jdk.jdi"/>
      <include name="../jbr!/jdk.jdwp.agent"/>
      <include name="../jbr!/jdk.jfr"/>
      <include name="../jbr!/jdk.jsobject"/>
      <include name="../jbr!/jdk.localedata"/>
      <include name="../jbr!/jdk.management"/>
      <include name="../jbr!/jdk.management.agent"/>
      <include name="../jbr!/jdk.management.jfr"/>
      <include name="../jbr!/jdk.naming.dns"/>
      <include name="../jbr!/jdk.naming.rmi"/>
      <include name="../jbr!/jdk.net"/>
      <include name="../jbr!/jdk.pack"/>
      <include name="../jbr!/jdk.scripting.nashorn"/>
      <include name="../jbr!/jdk.scripting.nashorn.shell"/>
      <include name="../jbr!/jdk.sctp"/>
      <include name="../jbr!/jdk.security.auth"/>
      <include name="../jbr!/jdk.security.jgss"/>
      <include name="../jbr!/jdk.unsupported"/>
      <include name="../jbr!/jdk.xml.dom"/>
      <include name="../jbr!/jdk.zipfs"/>
    </fileset>
  </path>
  
  <property name="project.jdk.home" value="${jdk.home.11}"/>
  <property name="project.jdk.bin" value="${jdk.bin.11}"/>
  <property name="project.jdk.classpath" value="jdk.classpath.11"/>
  
  
  <!-- Project Libraries -->
  
  <path id="library.maven:_com.fasterxml.jackson.core:jackson-annotations:2.11.0.classpath">
    <pathelement location="${path.variable.maven_repository}/com/fasterxml/jackson/core/jackson-annotations/2.11.0/jackson-annotations-2.11.0.jar"/>
  </path>
  
  <path id="library.maven:_com.google.code.gson:gson:2.8.6.classpath">
    <pathelement location="${path.variable.maven_repository}/com/google/code/gson/gson/2.8.6/gson-2.8.6.jar"/>
  </path>
  
  <path id="library.maven:_junit:junit:4.12.classpath">
    <pathelement location="${path.variable.maven_repository}/junit/junit/4.12/junit-4.12.jar"/>
  </path>
  
  <path id="library.maven:_org.apiguardian:apiguardian-api:1.1.0.classpath">
    <pathelement location="${path.variable.maven_repository}/org/apiguardian/apiguardian-api/1.1.0/apiguardian-api-1.1.0.jar"/>
  </path>
  
  <path id="library.maven:_org.eclipse.persistence:jakarta.persistence:2.2.3.classpath">
    <pathelement location="${path.variable.maven_repository}/org/eclipse/persistence/jakarta.persistence/2.2.3/jakarta.persistence-2.2.3.jar"/>
  </path>
  
  <path id="library.maven:_org.eclipse.persistence:org.eclipse.persistence.antlr:2.7.6.classpath">
    <pathelement location="${path.variable.maven_repository}/org/eclipse/persistence/org.eclipse.persistence.antlr/2.7.6/org.eclipse.persistence.antlr-2.7.6.jar"/>
  </path>
  
  <path id="library.maven:_org.eclipse.persistence:org.eclipse.persistence.asm:2.7.6.classpath">
    <pathelement location="${path.variable.maven_repository}/org/eclipse/persistence/org.eclipse.persistence.asm/2.7.6/org.eclipse.persistence.asm-2.7.6.jar"/>
  </path>
  
  <path id="library.maven:_org.eclipse.persistence:org.eclipse.persistence.core:2.7.6.classpath">
    <pathelement location="${path.variable.maven_repository}/org/eclipse/persistence/org.eclipse.persistence.core/2.7.6/org.eclipse.persistence.core-2.7.6.jar"/>
  </path>
  
  <path id="library.maven:_org.eclipse.persistence:org.eclipse.persistence.jpa.jpql:2.7.6.classpath">
    <pathelement location="${path.variable.maven_repository}/org/eclipse/persistence/org.eclipse.persistence.jpa.jpql/2.7.6/org.eclipse.persistence.jpa.jpql-2.7.6.jar"/>
  </path>
  
  <path id="library.maven:_org.eclipse.persistence:org.eclipse.persistence.jpa:2.7.6.classpath">
    <pathelement location="${path.variable.maven_repository}/org/eclipse/persistence/org.eclipse.persistence.jpa/2.7.6/org.eclipse.persistence.jpa-2.7.6.jar"/>
  </path>
  
  <path id="library.maven:_org.hamcrest:hamcrest-core:1.3.classpath">
    <pathelement location="${path.variable.maven_repository}/org/hamcrest/hamcrest-core/1.3/hamcrest-core-1.3.jar"/>
  </path>
  
  <path id="library.maven:_org.junit.jupiter:junit-jupiter-api:5.7.0-m1.classpath">
    <pathelement location="${path.variable.maven_repository}/org/junit/jupiter/junit-jupiter-api/5.7.0-M1/junit-jupiter-api-5.7.0-M1.jar"/>
  </path>
  
  <path id="library.maven:_org.junit.jupiter:junit-jupiter-engine:5.7.0-m1.classpath">
    <pathelement location="${path.variable.maven_repository}/org/junit/jupiter/junit-jupiter-engine/5.7.0-M1/junit-jupiter-engine-5.7.0-M1.jar"/>
  </path>
  
  <path id="library.maven:_org.junit.jupiter:junit-jupiter-params:5.7.0-m1.classpath">
    <pathelement location="${path.variable.maven_repository}/org/junit/jupiter/junit-jupiter-params/5.7.0-M1/junit-jupiter-params-5.7.0-M1.jar"/>
  </path>
  
  <path id="library.maven:_org.junit.jupiter:junit-jupiter:5.7.0-m1.classpath">
    <pathelement location="${path.variable.maven_repository}/org/junit/jupiter/junit-jupiter/5.7.0-M1/junit-jupiter-5.7.0-M1.jar"/>
  </path>
  
  <path id="library.maven:_org.junit.platform:junit-platform-commons:1.7.0-m1.classpath">
    <pathelement location="${path.variable.maven_repository}/org/junit/platform/junit-platform-commons/1.7.0-M1/junit-platform-commons-1.7.0-M1.jar"/>
  </path>
  
  <path id="library.maven:_org.junit.platform:junit-platform-engine:1.7.0-m1.classpath">
    <pathelement location="${path.variable.maven_repository}/org/junit/platform/junit-platform-engine/1.7.0-M1/junit-platform-engine-1.7.0-M1.jar"/>
  </path>
  
  <path id="library.maven:_org.opentest4j:opentest4j:1.2.0.classpath">
    <pathelement location="${path.variable.maven_repository}/org/opentest4j/opentest4j/1.2.0/opentest4j-1.2.0.jar"/>
  </path>
  
  <path id="library.maven:_org.postgresql:postgresql:42.2.12.classpath">
    <pathelement location="${path.variable.maven_repository}/org/postgresql/postgresql/42.2.12/postgresql-42.2.12.jar"/>
  </path>
  <!-- Register Custom Compiler Taskdefs -->
  <property name="javac2.home" value="${idea.home}/lib"/>
  <path id="javac2.classpath">
    <fileset dir="${javac2.home}">
      <include name="javac2.jar"/>
      <include name="jdom.jar"/>
      <include name="asm-all*.jar"/>
      <include name="forms-*.jar"/>
    </fileset>
  </path>
  <target name="register.custom.compilers">
    <taskdef name="javac2" classname="com.intellij.ant.Javac2" classpathref="javac2.classpath"/>
    <taskdef name="instrumentIdeaExtensions" classname="com.intellij.ant.InstrumentIdeaExtensions" classpathref="javac2.classpath"/>
  </target>
  
  <!-- Modules -->
  
  <import file="${basedir}/module_сhat_app.xml"/>
  
  <target name="init" description="Build initialization">
    <!-- Perform any build initialization in this target -->
  </target>
  
  <target name="clean" depends="clean.module.сhat_app, clean.artifact.untitled:war_exploded, clean.artifact.сhat_app:ear_exploded" description="cleanup all"/>
  
  <target name="build.modules" depends="init, clean, compile.module.сhat_app" description="build all modules"/>
  
  <target name="init.artifacts">
    <property name="artifacts.temp.dir" value="${basedir}/__artifacts_temp"/>
    <property name="artifact.output.untitled:war_exploded" value="${basedir}/out/artifacts/untitled_war_exploded"/>
    <property name="artifact.output.сhat_app:ear_exploded" value="${basedir}/out/artifacts/hat_App_ear_exploded"/>
    <mkdir dir="${artifacts.temp.dir}"/>
  </target>
  
  <target name="clean.artifact.untitled:war_exploded" description="clean untitled:war exploded artifact output">
    <delete dir="${artifact.output.untitled:war_exploded}"/>
  </target>
  
  <target name="clean.artifact.сhat_app:ear_exploded" description="clean Сhat_App:ear exploded artifact output">
    <delete dir="${artifact.output.сhat_app:ear_exploded}"/>
  </target>
  
  <target name="artifact.untitled:war_exploded" depends="init.artifacts" description="Build &#39;untitled:war exploded&#39; artifact">
    <mkdir dir="${artifact.output.untitled:war_exploded}"/>
    <mkdir dir="${artifact.output.untitled:war_exploded}/WEB-INF"/>
    <mkdir dir="${artifact.output.untitled:war_exploded}/WEB-INF/classes"/>
    <copy todir="${artifact.output.untitled:war_exploded}/WEB-INF/classes">
      <fileset dir="${untitled.output.dir}"/>
    </copy>
  </target>
  
  <target name="artifact.сhat_app:ear_exploded" depends="init.artifacts" description="Build &#39;Сhat_App:ear exploded&#39; artifact">
    <mkdir dir="${artifact.output.сhat_app:ear_exploded}"/>
    <mkdir dir="${artifact.output.сhat_app:ear_exploded}/META-INF"/>
    <copy file="${basedir}/META-INF/application.xml" tofile="${artifact.output.сhat_app:ear_exploded}/META-INF/application.xml"/>
  </target>
  
  <target name="build.all.artifacts" depends="artifact.untitled:war_exploded, artifact.сhat_app:ear_exploded" description="Build all artifacts">
    
    <!-- Delete temporary files -->
    <delete dir="${artifacts.temp.dir}"/>
  </target>
  
  <target name="all" depends="build.modules, build.all.artifacts" description="build all"/>
</project>